Nazwa,ECTS,Tryb,Kryteria,kategorie,Kryteria (uproszczone)
Kurs na Równość - przeciwdziałanie dyskryminacji na UW - szkoły doktorskie,2.0,zdalnie,"Zaliczenie całości interaktywnego kursu równa się ocenie bardzo dobrej.
Niższe oceny stanowią procentowy wymiar ukończenia kursu. Najniższa pozytywna ocena to 60% kursu.",Równość i prawa człowieka,Inne
Kurs na Równość – przeciwdziałanie dyskryminacji na UW,2.0,zdalnie,"Zaliczenie całości interaktywnego kursu równa się ocenie bardzo dobrej.
Niższe oceny stanowią procentowy wymiar ukończenia kursu. Najniższa pozytywna ocena to 60% kursu.",Równość i prawa człowieka,Inne
"Mobbing w miejscu pracy – zapobieganie, rozpoznawanie i reagowanie",2.0,zdalnie,"Zaliczenie całości interaktywnego kursu równa się ocenie bardzo dobrej.
Niższe oceny stanowią procentowy wymiar ukończenia kursu. Najniższa pozytywna ocena to 60% kursu. 
Każdy moduł kursu kończy test, który sprawdza wiedzę osób uczestniczących. Ocena końcowa jest wynikiem średniej otrzymanej z każdego testu kończącego moduł jak i testu końcowego.",Równość i prawa człowieka,Test/egzamin
Oswoić trudne emocje. Spotkania z lękiem.,2.0,zdalnie,"- W każdym module wskazane jest wypełnienie krótkiego zadania domowego.
- Na koniec kursu należy wypełnić test zaliczeniowy (na ocenę)
- Warunkiem zaliczenia testu jest uzyskanie co najmniej 60% możliwych do zdobycia punktów",Psychologia i rozwój osobisty,Test/egzamin
Chór Wydziału Matematyki,6.0,w sali i w tereniezdalnie,"Umiejętność wykonania wybranych utworów – oceniana na podstawie pracy na próbach, przesłanych nagrań i/lub indywidualnych przesłuchań
Obecność na obowiązkowych zajęciach z emisji głosu, próbach i koncertach, realizowanie wskazanych zadań na platformach do kształcenia słuchu muzycznego, 
Zaangażowanie podczas zdalnych spotkań, prób i koncertów
Pisemne prace semestralne. 
Łącznie do zdobycia jest 50 pkt, ocenę 3 uzyskują studenci, którzy zdobędą co najmniej 30pkt.",Muzyka i sztuka,Obecność/aktywność
Filozofia nauk ścisłych i matematyki do XIX w.,6.0,w sali,"Zaliczenie na ocenę. 
Dla zaliczenia przedmiotu wymagane jest: 
1) regularne uczęszczanie na wykład 
[UWAGA: W przypadku konieczności nauczania zdalnego, warunek ten zastąpiony jest przez wymóg regularnego słuchania wykładu przez internet i/lub zapoznawania się z materiałami rozsyłanymi co tydzień mailami przez wykładowcę; ponadto co tydzień student ma odpowiedzieć mailem na przesłane wraz z materiałami pytania kontrolne],
2) napisanie i przesłanie mailem eseju, ocenianego na stopień 
[ten wymóg nie zmienia się w przypadku konieczności nauczania zdalnego]. 
Temat eseju wybiera student (w razie wątpliwości może go uzgodnić z wykladowcą). Esej ma dotyczyć jakiegoś zagadnienia szeroko rozumianej filozofii, zwiazanego z problemami matematyki i/lub fizyki, chemii bądź astronomii/kosmologii, ktore pojawily sie w nauce przed 1870 r.
Esej ma być napisany samodzielnie. Ma zawierać wstęp (w którym m.in. sformułowane jest główne zagadnienie i cel eseju), część opartą na wiedzy zaczerpniętej z książek lub artykułów, opis i analiza kwestii, wokół której koncentruje sie esej, podsumowanie i wnioski, bibliografia. 
Szczegóły dotyczące sposobu napisania eseju są na początku semestru wysyłane mailem do słuchaczy. Ocena z eseju jest oceną z przedmiotu.
Przy ocenie bierze się pod uwagę zarówno treść eseju, jak i sposób jego napisania, klarowność wywodów oraz poziom językowy pracy.",Filozofia i religia,Esej/praca pisemna
Kurs na Równość - przeciwdziałanie dyskryminacji na UW,2.0,zdalnie,"Zaliczenie całości interaktywnego kursu równa się ocenie bardzo dobrej.
Niższe oceny stanowią procentowy wymiar ukończenia kursu. Najniższa pozytywna ocena to 60% kursu.",Równość i prawa człowieka,Inne
Chemiczna analiza w badaniu środowiska,2.0,w sali,"Zaliczenie na ocenę lub zaliczenie na podstawie obecności dla studentów, którzy rozpoczęli studia przed rokiem akademickim 2005/2006.",Technologie i dane,Inne
"Chemia i biologia życia codziennego, czyli jak najprościej wytłumaczyć zjawiska zachodzące wokół nas",3.0,mieszany: w sali i zdalnie,"Zajęcia zaliczane będą na ocenę, składającą się z oceny zadań otrzymywanych przez uczestników oraz ich aktywności podczas zajęć.
Rejestr obecności będzie prowadzony podczas zajęć stacjonarnych i synchronicznych (sprawdzanie listy obecności).
Dopuszczalna liczba nieobecności podlegających usprawiedliwieniu wynosi 1.
Zaliczenie w terminie poprawkowym można uzyskać po zaliczeniu prac.",Nauki ścisłe i przyrodnicze,Inne
Chemia morza i regionów polarnych,2.0,mieszany: w sali i zdalnie,Zaliczenie przedmiotu odbywa się na podstawie krótkiego testu jednokrotnego wyboru i opracowania (w formie 5-minutowej prezentacji) oraz przedyskutowania aktualnego artykułu naukowego związanego z treścią wykładu i zainteresowaniami słuchacza.,Nauki ścisłe i przyrodnicze,Test/egzamin
Chemia wokół nas – zajęcia laboratoryjne,2.0,w sali,"Ocena wystawiana jest na podstawie:
- uczestnictwa w zajęciach
- zaliczenia kart pracy
- wykonania pracy domowej (implementowanej na platformie Kampus)
Rejestr obecności będzie prowadzony podczas zajęć (sprawdzanie listy obecności).
Dopuszczalna liczba nieobecności podlegających usprawiedliwieniu wynosi 2.
Zaliczenie w terminie poprawkowym można uzyskać po wykonaniu pracy domowej i zaliczeniu kart pracy.",Nauki ścisłe i przyrodnicze,Inne
Chór Wydziału Chemii I,3.0,w sali,"Obecność na próbach i koncertach Chóru;
Umiejętność wykonania partii wokalnych wybranych utworów - oceniana na podstawie pracy na próbach i/lub indywidualnych zajęć;
Aktywność i zaangażowanie podczas zajęć oraz w  pracy własnej chórzysty w zakresie przygotowaniu do prób na podstawie dostępnych materiałów i nagrań.",Muzyka i sztuka,Obecność/aktywność
Chór Wydziału Biologii,3.0,w sali,"Na ocenę z przedmiotu składają się dwa czynniki: przestrzeganie regulaminu chóru, z którym uczestnicy zostaną zapoznani w trakcie zajęć, obecności na próbach oraz udział w koncertach chóru. Maksymalna ocena, którą można uzyskać dla danej liczby nieobecności, przedstawia się następująco:
0-1 nieobecności: 5!
2 nieobecności: 5
3 nieobecności: 4+
4 nieobecności: 4
5 nieobecności: 3+
6 nieobecności: 3
7 i więcej: 2
Udział w koncertach: warunkiem zaliczenia na ocenę dostateczną jest uczestnictwo w trzech koncertach chóru. Za uczestnictwo w każdym kolejnym koncercie student uzyskuje podwyższenie oceny końcowej o jeden stopień.",Muzyka i sztuka,Obecność/aktywność
Kurs na Równość – przeciwdziałanie dyskryminacji na UW,2.0,zdalnie,"Zaliczenie całości interaktywnego kursu równa się ocenie bardzo dobrej.
Niższe oceny stanowią procentowy wymiar ukończenia kursu. Najniższa pozytywna ocena to 60% kursu.",Równość i prawa człowieka,Inne
Biologia molekularna dla niebiologów,2.0,mieszany: w sali i zdalnie,"Obecność na zajęciach oraz pozytywna ocena z egzaminu pisemnego są warunkiem zaliczenia przedmiotu.
1. Obecność na zajęciach
Dopuszcza się 3 nieobecności w trakcie semestru. Obecność na zajęciach będzie weryfikowana na podstawie własnoręcznego podpisu studenta składanego na liście osób zapisanych na zajęcia.
2. Egzamin pisemny
Na ostatnich zajęciach zostanie przeprowadzony egzamin pisemny w formie testu. Student może korzystać w trakcie egzaminu z własnych notatek.",Nauki ścisłe i przyrodnicze,"Obecność/aktywność, Test/egzamin"
Biologia zapylania roślin,2.0,w sali,Kurs zaliczany jest na podstawie egzaminu testowego.,Nauki ścisłe i przyrodnicze,Test/egzamin
Historia odkryć geograficznych I,2.0,w sali,"Zaliczenie na ocenę.
Obecność na wykładach (można mieć 5 nieobecności)
Przygotowanie pracy pisemnej - eseju - na podany temat. W eseju przy ocenie brana jest także pod uwagę strona ilustracyjna (mapy).",Historia i archeologia,"Esej/praca pisemna, Obecność/aktywność"
Historia miasta na dawnych planach Warszawy,1.0,w sali,Zaliczenie na podstawie „wyjściówek” – krótkich refleksji i/lub odpowiedzi na temat przedmiotu poszczególnych zajęć pisanych pod koniec każdego wykładu. Możliwe podniesienie oceny przez przygotowanie pracy zaliczeniowej lub rozmowę z prowadzącym o treściach wykładu.,Historia i archeologia,Inne
Kurs na Równość – przeciwdziałanie dyskryminacji na UW,2.0,zdalnie,"Zaliczenie całości interaktywnego kursu równa się ocenie bardzo dobrej.
Niższe oceny stanowią procentowy wymiar ukończenia kursu. Najniższa pozytywna ocena to 60% kursu.",Równość i prawa człowieka,Inne
"Biblia a człowiek, polityka, wojny i władza",4.0,w sali,"Zajęcia w formie konwersatorium. Podstawą do dyskusji będzie lektura tekstów źródłowych i współczesnych
materiałów oraz wspólna ich analiza w trakcie kursu.
Kryteria zaliczenia przedmiotu:
Czynna obecność́ na zajęciach (możliwe dwie nieobecności).
Praca zaliczeniowa – esej na temat ustalony z prowadzącym.",Prawo i polityka,"Esej/praca pisemna, Obecność/aktywność"
Prawo reklamy,4.0,w sali,Sposób zaliczenia	Obecność na zajęciach. Referat opracowany pisemnie lub pisemna praca zaliczeniowa lub przygotowanie do zajęć i udział w dyskusjach.,Prawo i polityka,"Esej/praca pisemna, Obecność/aktywność"
Prawo dyplomatyczne i konsularne,4.0,w sali,Zaliczenie pisemne lub odpowiedź ustna stanowi jedyną metodę oceny pracy studenta. Zaliczenie pisemne odbywa się w postaci testu jednokrotnego wyboru. W przypadku zaliczenia pisemnego test zalicza zaznaczenie ponad połowy dobrych odpowiedzi. Sprawdzana jest także obecność na zajęciach. Dopuszczalne są dwie nieobecności w semestrze.,Prawo i polityka,"Obecność/aktywność, Test/egzamin"
Międzynarodowe prawo karne,6.0,w sali,Podstawą zaliczenia będzie wystąpienie na zajęciach (krótkie wprowadzenie do tematu zajęć) lub esej. Aktywne uczestnictwo w zajęciach będzie promowane.,Prawo i polityka,"Esej/praca pisemna, Obecność/aktywność, Prezentacja/referat"
Polskie prawo wyznaniowe,4.0,w sali,"Ocena ciągła. Kryteria oceny to: uczestnictwo w zajęciach, aktywności podczas zajęć oraz wyniki testu sprawdzającego wiadomości przeprowadzonego pod koniec semestru.",Prawo i polityka,"Obecność/aktywność, Test/egzamin"
Warszawa wielokulturowa – historia i teraźniejszość,2.0,w sali i w terenie,"Aktywny udział w zajęciach (zaangażowanie w zwiedzanie i/lub dyskusje)
Przygotowanie przynajmniej jednego tematu (jednych zajęć)",Historia i archeologia,Inne
Program R w zastosowaniach ekonomicznych i finansowych (kurs internetowy),3.0,zdalnie,"Kurs prowadzony jest na platformie e-learningowej, co wymaga znacznej aktywności i systematyczności. Do końcowej oceny wliczane są prace domowe wykonywane cyklicznie, krótkie testy dostępne na platformie oraz końcowe zaliczenie w sali komputerowej na WNE UW lub przygotowanie własnego projektu. Premiowana jest aktywność na forach oraz rozwiązywanie dodatkowych zadań. Alternatywną formą zaliczenia jest przygotowanie użytecznego i interesującego pakietu dodatkowego do programu R. Szczegóły punktacji podane są na platformie e-learningowej.",Technologie i dane,"Projekt/zadanie, Test/egzamin"
Kurs na Równość - przeciwdziałanie dyskryminacji na UW,2.0,zdalnie,"Zaliczenie całości interaktywnego kursu równa się ocenie bardzo dobrej.
Niższe oceny stanowią procentowy wymiar ukończenia kursu. Najniższa pozytywna ocena to 60% kursu.",Równość i prawa człowieka,Inne
Microsoft Excel - kurs podstawowy (kurs internetowy),3.0,zdalnie,"Na końcową ocenę składają się:
- praca domowa za 10 punktów (projekt końcowy z wykorzystaniem prezentowanych narzędzi),
- aktywność na zajęciach.
Punktacja:
Punkty Ocena
[0-5) 2
[5-6) 3
[6-7) 3,5
[7-8) 4
[8-9) 4,5
[9-10] 5
powyżej 10 5!",Technologie i dane,Projekt/zadanie
Zarządzanie sobą,3.0,w sali,"Ocena z przedmiotu będzie wystawiona na podstawie samodzielnie przygotowanego eseju. Treścią pracy będzie przedstawienie przez studenta planu własnego rozwoju osobistego, stawianych sobie celów życiowych i zawodowych, opisanie wybranych przez siebie sposobów i technik psychologicznych pozwalających spełnić swoje zamierzenia. 
Oceniana będzie umiejętność formułowania planów i adekwatność wybranych technik.",Ekonomia i zarządzanie,Esej/praca pisemna
Media a celebryci,3.0,zdalnie,"Wymagania egzaminacyjne:
Praca pisemna lub prezentacja multimedialna na temat wykorzystania mediów przez celebrytów w celu kształtowania własnego wizerunku. Celem pracy jest zapoznanie się z wiedzą, jaką student zdobył podczas zajęć. Przede wszystkim oceniane będzie wieloaspektowe przedstawienie omawianego zjawiska.",Media i komunikacja,"Esej/praca pisemna, Prezentacja/referat, Test/egzamin"
Zarządzanie sytuacjami kryzysowymi w perspektywie public relations,3.0,zdalnie,"Końcowe zaliczenie pisemne / online.
Skala ocen:
90-100% 5,0
80-89%   4,5
70-79%   4,0
60-69%   3,5
50-59%   3,0
0-49%     2,0",Ekonomia i zarządzanie,Inne
Archeologia w czasach popkultury,2.5,w sali,"Ocenie podlegają udział w dyskusjach (30%) oraz wynik egzaminu końcowego (70%). Kryteria oceniania: umiejętność ogólnego scharakteryzowania i opisania wybranych 3 z 10 omawianych tematów.
Egzamin ustny",Historia i archeologia,Test/egzamin
Mass media w starożytnej Grecji,2.5,zdalnie,"W ramach kursu Mass Media w starożytnej Grecji dostępne są dwa warianty zaliczenia – student samodzielnie wybiera dogodną formę:
1. Egzamin całościowy (jednorazowy)
– bez obowiązku uczestnictwa w wykładach;
– zaliczenie odbywa się na podstawie wskazanej literatury;
– termin egzaminu zostanie podany podczas pierwszego wykładu organizacyjnego.
2. Egzaminy cząstkowe (po każdym cyklu tematycznym)
– dotyczą mniejszej porcji materiału (np. tylko cyklu Mykonos, Olimp lub Atlantyda);
– wymagana aktywna obecność na wykładach „na żywo” – dopuszczalne maksymalnie 2 nieobecności w semestrze.
Szczegółowe informacje, zasady zaliczenia i harmonogram zostaną przedstawione na pierwszym wykładzie – udział w nim jest szczególnie zalecany.",Media i komunikacja,"Obecność/aktywność, Test/egzamin"
Co powiedział Zaratustra. Historia religii zoroastryjskiej,2.5,w sali,Egzamin pisemny. Odpowiedź na 3 z 5 pytań oznacza zdanie egzaminu na ocenę dostateczną,Historia i archeologia,Test/egzamin
Kurs na Równość - przeciwdziałanie dyskryminacji na UW,2.0,zdalnie,"Zaliczenie całości interaktywnego kursu równa się ocenie bardzo dobrej.
Niższe oceny stanowią procentowy wymiar ukończenia kursu. Najniższa pozytywna ocena to 60% kursu.",Równość i prawa człowieka,Inne
"""Historia zaczyna się w Sumerze"" - Mezopotamia kolebką cywilizacji",4.0,w sali,Kryteria - zajęcia są wykładem – rozliczenie ich następuje poprzez sprawdzenie obecności oraz podsumowujące sprawdzenie nabytej wiedzy w formie krótkiego testu.,Historia i archeologia,Test/egzamin
Kurs na Równość – przeciwdziałanie dyskryminacji na UW,2.0,zdalnie,"Zaliczenie całości interaktywnego kursu równa się ocenie bardzo dobrej.
Niższe oceny stanowią procentowy wymiar ukończenia kursu. Najniższa pozytywna ocena to 60% kursu.",Równość i prawa człowieka,Inne
Kulturowa historia Bałkanów,5.0,w sali,"Przedmiot kończy się egzaminem ustnym; warunkiem dopuszczenia do egzaminu ustnego jest zaliczenie testu semestralnego po pierwszym semestrze oraz egzaminu pisemnego po drugim semestrze. Test zamknięty sprawdza wiedzę faktograficzną. Egzamin ustny sprawdza wiedzę, a przede wszystkim umiejętność interpretacji danych historycznych, znajomość głównych procesów społecznych oraz formowania się współczesnych kultur obszaru bałkańskiego.",Historia i archeologia,Test/egzamin
Język staro-cerkiewno-słowiański (1),4.0,w sali,"Aktywność na zajęciach - 30%
Końcowa praca pisemna - 70%
Nieusprawiedliwione nieobecności (powyżej 2) winny zostać zaliczone w terminie uzgodnionym z prowadzącym zajęcia.
Sposób wykorzystania narzędzi sztucznej inteligencji w pracach pisemnych i prezentacjach zaliczeniowych określają zapisy § 3 i 4 uchwały nr 98 Uniwersyteckiej Rady ds. Kształcenia z dnia 8 grudnia 2023 roku. W związku z tym, że jedną z podstawowych umiejętności zdobywanych na kierunkach studiów organizowanych na Wydziale Polonistyki jest sprawne i profesjonalne posługiwanie się polszczyzną pisaną, a w szczególności stylem naukowym, zabrania się wykorzystywania systemów sztucznej inteligencji do przygotowywania, korekty i redakcji tekstów.
Punkty ECTS - łącznie 4, w tym:
 1 p. ECTS z tytułu uczestnictwa w zajęciach (30 godzin);
 3 p. ECTS z tytułu przygotowywania się do zajęć poza salą lekcyjną oraz wykonywania prac domowych (80 godzin)",Języki i kultury świata,"Esej/praca pisemna, Prezentacja/referat"
Literatura nowołacińska okresu renesansu,2.0,w sali,Egzamin końcowy,Języki i kultury świata,Test/egzamin
Antropologia wina,4.0,w sali,"Aktywność na zajęciach, przygotowanie 7-stronicowego referatu na podstawie przeczytanych lektur.",Socjologia i antropologia,Esej/praca pisemna
Analiza dyskursu multimodalnego,3.0,w salizdalnie,"udział w zajęciach, aktywność (40% oceny)
przykłady umieszczane na dysku dzielonym (20%)
dwie prace pisemne (40% oceny)
Zajęcia są obowiązkowe. Dopuszczalne są dwie nieobecności nieusprawiedliwione. Jeśli student ma więcej niż dwie nieobecności nieusprawiedliwione, powinien zwrócić się do wykładowcy z prośbą o wyznaczenie formy zaliczenia materiału z zajęć, na których był nieobecny, i zaliczyć ten materiał przed zakończeniem semestru. Jeśli nieobecności jest więcej niż 50%, stanowi to podstawę do niezaliczenia przedmiotu.
Ocena końcowa:
99%-100 - 5!
98% - 93% - 5
92% - 85% - 4,5
84% - 77% - 4
76% - 69% - 3,5
68% - 60% - 3
poniżej 60% - 2",Technologie i dane,Inne
Analiza konwersacji,2.0,w sali,"Warunki zaliczenia:
Warunkiem wstępnym uzyskania zaliczenia jest obecność na zajęciach. Dopuszczalne są dwie nieusprawiedliwione nieobecności w semestrze.
Zaliczenie na podstawie sprawdzianu pisemnego  zawierającego pytania otwarte.
Zaliczenie poprawkowe na takich samych warunkach jak zaliczenie w pierwszym terminie.
SKALA OCEN:
100% – 91%  bdb
90% – 81%    db +
80% – 71%    db
70% – 61%    dst +
60% – 50%    dst",Technologie i dane,Obecność/aktywność
Język i stosunki międzynarodowe,3.0,mieszany: w sali i zdalnie,"Frekwencja na zajęciach
(dozwolone dwie nieobecności w semestrze)
Kryteria oceny końcowej (I termin):
1. pisemna praca domowa: 20% oceny końcowej (krótkie rozwinięcie wybranego zagadnienia omawianego na zajęciach, studium przypadku itp.); oddana w terminie
2. pisemny test w połowie semestru: 20% oceny końcowej (pytania otwarte i zamknięte w oparciu o dotychczasowy materiał)
3. pisemny test końcowy: 50% oceny końcowej (pytania otwarte i zamknięte; kluczowe zagadnienia  z całego semestru)
4. ocena aktywności na zajęciach: 10% oceny końcowej
5. (opcjonalnie, koniec semestru) ustna prezentacja w trakcie zajęć wyników własnego badania lub projektu: możliwość podniesienia oceny końcowej
Kryteria oceny końcowej (II termin):
Poszerzony test z całości kursu (pytania otwarte i zamknięte)",Języki i kultury świata,"Esej/praca pisemna, Obecność/aktywność, Prezentacja/referat, Projekt/zadanie, Test/egzamin"
Tłumacz a komunikacja międzykulturowa,2.0,w sali,"Warunki zaliczenia: 
1. obecność na zajęciach
2. czytanie lektur
3. uczestnictwo w dyskusjach
4. pozytywny wynik egzaminu pisemnego (testu wiedzy uzyskanej z lektur)
Oceny:
100−95% - 5!
94,5−90% - 5
89,5−85% - 4,5
84,5−80% - 4
79,5−75% - 3,5
74,5−65% - 3
64,5−0% - nzal",Media i komunikacja,"Obecność/aktywność, Test/egzamin"
Język białoruski w przestrzeni medialnej,3.0,w sali,"Warunki dopuszczenia do zaliczenia końcowego:
- dopuszczalne są 2 nieobecności na zajęciach,
- systematyczne przygotowanie na zajęcia zadanego materiału,
- terminowe wykonywanie prac domowych i testów kontrolnych,
- aktywny udział w zajęciach.
Zaliczenie końcowe ma formę pisemną i składa się z testu gramatycznego.
Procentowa skala ocen za zaliczeniową pracę pisemną:
Poniżej 51% – 2,0 (ocena niedostateczna)
51% – 60% – 3,0 (ocena dostateczna)
61% – 70 % – 3,5 (ocena dostateczna plus)
71% – 80% – 4,0 (ocena dobra)
81% – 90% – 4,5 (ocena dobra plus)
91% – 98% – 5,0 (ocena bardzo dobra)
99% – 100% – 5! (ocena celująca)
Ocenę końcową stanowi: 50% oceny z zajęć + 50% oceny z testu zaliczeniowego.",Języki i kultury świata,Test/egzamin
Współczesny język białoruski w mediach internetowych,3.0,w sali,"Warunki dopuszczenia do zaliczenia końcowego:
- dopuszczalne są 2 nieobecności na zajęciach,
- systematyczne przygotowanie na zajęcia zadanego materiału,
- terminowe wykonywanie prac domowych i testów kontrolnych,
- aktywny udział w zajęciach.
Zaliczenie końcowe ma formę pisemną i składa się z testu gramatycznego.
Procentowa skala ocen za zaliczeniową pracę pisemną:
Poniżej 51% – 2,0 (ocena niedostateczna)
51% – 60% – 3,0 (ocena dostateczna)
61% – 70 % – 3,5 (ocena dostateczna plus)
71% – 80% – 4,0 (ocena dobra)
81% – 90% – 4,5 (ocena dobra plus)
91% – 98% – 5,0 (ocena bardzo dobra)
99% – 100% – 5! (ocena celująca)
Ocenę końcową stanowi: 50% oceny z zajęć + 50% oceny z testu zaliczeniowego.",Języki i kultury świata,Test/egzamin
Historia literatury białoruskiej XX wieku (lata 30.-60.),6.0,mieszany: w sali i zdalnie,"Przy ocenie końcowej pod uwagę brana będzie aktywność studenta na zajęciach oraz odpowiedź ustna, udzielona na końcu semestru, dotycząca trzech wylosowanych przez studenta pytań, z zakresu całego omówionego podczas zajęć materiału. O ile w przypadku oceny aktywności uwaga będzie skupiona głównie na wnikliwości przeprowadzanej analizy wybranego utworu, o tyle podczas odpowiedzi ustnej – na rozumieniu procesów literaturotwórczych i znajomości omawianych kontekstów literatury.
Forma egzaminu: ustny
W czasie egzaminu zadawane są pytania obejmujące zagadnienia prezentowane w trakcie wykładu i ćwiczeń.
I. Liczba pytań: 3.
II. Punktacja pytań: od 3 do 0.
III. Przelicznik punktów na oceny:
4,5-5 pkt. – dst (3,0)
5,5-6 pkt. – dst+ (3,5)
6,5-7 pkt. – db (4,0)
7,5-8 pkt. – db+ (4,5)
8,5-9 pkt. – bdb (5,0)
9+ pkt. – bdb! (5!)
Pkt. 3
Student: charakteryzuje epokę, okres lub kierunek literacki z wykorzystaniem różnych wyznaczników (filozoficznego, światopoglądowego, poetologicznego itp.), przywołuje nazwiska przedstawicieli (również drugoplanowych) wykazuje szczegółową znajomość treści lektur, przeprowadza całościową analizę (odwołując się do gatunku, struktury i treści), podaje różne stanowiska badawcze, umieszcza twórczość pisarza i dzieło w procesie historycznoliterackim. Wypowiedź ma charakter spontaniczny, całościowy, przemyślany, student szeroko posługuje się terminologią specjalistyczną.
Pkt. 2
Student: charakteryzuje epokę, okres lub kierunek literacki, wykazuje znajomość treści lektur, przeprowadza analizę (odwołując się do gatunku, struktury i treści), umieszcza twórczość pisarza i dzieło w kontekście epoki. Wypowiedź ma charakter płynny, student posługuje się terminologią specjalistyczną.
Pkt. 1
Student: w ograniczonym zakresie, po zadaniu pytań dodatkowych charakteryzuje epokę, okres lub kierunek literacki, wykazuje podstawową znajomość treści lektur, przeprowadza analizę na poziomie podstawowym (odwołując się jedynie do treści), wymienia jedynie niektórych przedstawicieli kierunku i ich dzieła, wskazuje jedynie konstytutywne cechy epoki, okresu lub kierunku literackiego. Wypowiedź jest urywana; składa się z informacji niepowiązanych ze sobą, student wymaga naprowadzania przez egzaminatora.
Wymogi na ocenę 5!
- 3 pkt. za każde pytanie,
- spełnienie wymogów za 3 pkt. oraz dodatkowo: wiedza i umiejętności spoza programu nauczania, znajomość lektur spoza listy lektur, odwołania do literatury światowej.
Zaliczenie z przedmiotu: Historia literatury białoruskiej XX wieku (lata 20.-40.) ćwiczenia
Student ma prawo do 4 nieusprawiedliwionych nieobecności, każda następna wymaga złożenia usprawiedliwienia. O uznaniu nieobecności decyduje wykładowca. Przekroczenie nieobecności usprawiedliwionych i nieusprawiedliwionych na 50% zajęć może być podstawą do niezaliczenia przedmiotu. 
Warunki zaliczenia przedmiotu w terminie poprawkowym są takie same jak w terminie I.",Historia i archeologia,Test/egzamin
Współczesna literatura białoruska I,3.0,w sali,"Przy ocenie końcowej pod uwagę brana będzie aktywność studenta na zajęciach, prezentacje indywidualne, obecność na zajęciach oraz na koniec zaliczenie w formie ustnej z omówionego podczas zajęć materiału. 
Zaliczenie w formie ustnej
W czasie zaliczenia zadawane są pytania obejmujące zagadnienia prezentowane w trakcie konwersatorium.
I. Liczba pytań: 3.
II. Punktacja pytań: od 3 do 0.
III. Przelicznik punktów na oceny:
4,5-5 pkt. – dst (3,0)
5,5-6 pkt. – dst+ (3,5)
6,5-7 pkt. – db (4,0)
7,5-8 pkt. – db+ (4,5)
8,5-9 pkt. – bdb (5,0)
9+ pkt. – bdb! (5!)
Pkt. 3
Student: charakteryzuje epokę, okres lub kierunek literacki z wykorzystaniem różnych wyznaczników (filozoficznego, światopoglądowego, poetologicznego itp.), przywołuje nazwiska przedstawicieli (również drugoplanowych) wykazuje szczegółową znajomość treści lektur, przeprowadza całościową analizę (odwołując się do gatunku, struktury i treści), podaje różne stanowiska badawcze, umieszcza twórczość pisarza i dzieło w procesie historycznoliterackim. Wypowiedź ma charakter spontaniczny, całościowy, przemyślany, student szeroko posługuje się terminologią specjalistyczną.
Pkt. 2
Student: charakteryzuje epokę, okres lub kierunek literacki, wykazuje znajomość treści lektur, przeprowadza analizę (odwołując się do gatunku, struktury i treści), umieszcza twórczość pisarza i dzieło w kontekście epoki. Wypowiedź ma charakter płynny, student posługuje się terminologią specjalistyczną.
Pkt. 1
Student: w ograniczonym zakresie, po zadaniu pytań dodatkowych charakteryzuje epokę, okres lub kierunek literacki, wykazuje podstawową znajomość treści lektur, przeprowadza analizę na poziomie podstawowym (odwołując się jedynie do treści), wymienia jedynie niektórych przedstawicieli kierunku i ich dzieła, wskazuje jedynie konstytutywne cechy epoki, okresu lub kierunku literackiego. Wypowiedź jest urywana; składa się z informacji niepowiązanych ze sobą, student wymaga naprowadzania przez egzaminatora.
Wymogi na ocenę 5!
- 3 pkt. za każde pytanie,
- spełnienie wymogów za 3 pkt. oraz dodatkowo: wiedza i umiejętności spoza programu nauczania, znajomość lektur spoza listy lektur, odwołania do literatury światowej.
Warunkiem uzyskania zaliczenia jest:
Znajomość treści tekstów umieszczonych na liście lektur (30%)
Samodzielne przygotowanie i przedstawienie projektu utworu autora umieszczonego w spisie lektur (20%)
Zaliczenie ustne (30%)
Ocena ciągła (bieżące przygotowanie i obecność na zajęciach (20%)
Student uzyskuje zaliczenie pod warunkiem spełnienia wszystkich wymagań.",Języki i kultury świata,"Obecność/aktywność, Projekt/zadanie, Test/egzamin"
Język angielski w marketingu - biznes w Europie Środkowo-Wschodniej,2.0,w sali,"Warunki zaliczenia przedmiotu:
- obecność na zajęciach
- przygotowanie do zajęć
- aktywność na zajęciach
- testy kontrolne 
- projekt
- końcowy test zaliczeniowy
Składniki oceny końcowej:
- ocena ciągła (bieżące przygotowanie do zajęć i aktywność) - 10%
- testy kontrolne - 20%
- projekt - 20%
- końcowy test zaliczeniowy - 50%
Kryteria oceny (progi procentowe):
99% -100% - 5! (ocena bardzo dobra z wykrzyknikiem)
96% - 98 % - 5 (ocena bardzo dobra)
87% - 95% - 4+ (ocena dobra plus)
78% - 86% - 4 (ocena dobra)
69% - 77% - 3+ (ocena dostateczna plus)
60% – 68% - 3 (ocena dostateczna)
Student ma prawo do 2 nieusprawiedliwionych nieobecności, każda następna wymaga złożenia usprawiedliwienia. Sposób odrabiania pozostałych nieusprawiedliwionych nieobecności wyznacza prowadzący.
W przypadku nieuzyskania zaliczenia do ostatnich zajęć w semestrze student ma prawo do uzyskania zaliczenia i oceny końcowej na takich samych zasadach w sesji podstawowej i poprawkowej.",Języki i kultury świata,"Obecność/aktywność, Projekt/zadanie, Test/egzamin"
Język ukraiński w dyplomacji i polityce,3.0,w sali,"Przedmiot kończy się egzaminem.
Warunki zaliczenia przedmiotu i dopuszczenia do egzaminu: 
- obecność na zajęciach
- systematyczne przygotowanie na zajęcia zadanego materiału 
Podczas wystawiania oceny końcowej – za egzamin - stosuje się następujące kryteria: 
- osiągnięcie zakładanych efektów kształcenia obejmujących wszystkie istotne aspekty – 5,0 (ocena bardzo dobra) 
- osiągnięcie zakładanych efektów kształcenia obejmujących wszystkie istotne aspekty z niewielką liczbą błędów lub nieścisłości – 4,5 (ocena dobra plus) 
- osiągnięcie zakładanych efektów kształcenia z pominięciem niektórych (mniej istotnych) aspektów – 4,0 (ocena dobra) 
- osiągnięcie zakładanych efektów kształcenia z pominięciem niektórych istotnych aspektów oraz z istotnymi nieścisłościami – 3,5 (ocena dostateczna plus)
 - osiągnięcie zakładanych efektów kształcenia z pominięciem istotnych aspektów lub z poważnymi nieścisłościami – 3,0 (ocena dostateczna plus) 
- brak osiągnięcia zakładanych efektów kształcenia – 2,0 (ocena niedostateczna)
Przedmiot kończy się egzaminem pisemnym, gdzie kryteria oceny przedstawione są w formie progów procentowych (punkty uzyskane z egzaminu pisemnego):
60% – 69% - 3 (ocena dostateczna) 
70% - 77% - 3+ (ocena dostateczna plus) 
78% - 85% - 4 (ocena dobra) 
86% - 91% - 4+ (ocena dobra plus) 
92% - 97 % - 5 (ocena bardzo dobra)
98% -100% - 5 !(ocena bardzo dobra z wykrzyknikiem)",Języki i kultury świata,"Obecność/aktywność, Test/egzamin"
Język ukraiński w mediach,3.0,w sali,"Przedmiot kończy się testem (zaliczenie na ocenę)
Warunki zaliczenia przedmiotu i dopuszczenia do końcowego egzaminu
- aktywne uczestnictwo w zajęciach;
 - systematyczne przygotowanie na zajęcia zadanego materiału;
- terminowe wykonywanie prac domowych i pisanie testów kontrolnych w wyznaczonym czasie.
Na ocenę końcową składa się praca w trakcie semestru (30%) oraz wynik testu (70%).
Kryteria oceny przedstawione są w formie progów procentowych (punkty uzyskane z testu)
60% – 68% - 3 (ocena dostateczna)
69% - 77% - 3+ (ocena dostateczna plus)
78% - 85% - 4 (ocena dobra)
86% - 91% - 4+ (ocena dobra plus)
92% - 97% - 5 (ocena bardzo dobra)
98% -100% - 5 !(ocena bardzo dobra z wykrzyknikiem)
W razie uzyskania oceny niedostatecznej student ma prawo do powtórnego podejścia do egzaminu w takiej samej formie pod warunkiem uzyskania zaliczenia przedmiotu. Wykładowca może ustalić dodatkowe warunki zaliczenia za nieobecności.
Student ma prawo do 2 na każde 30 godzin nieusprawiedliwionych nieobecności, każda następna wymaga złożenia usprawiedliwienia.
Forma zaliczenia zajęć, na których student był nieobecny jest wyznaczana przez wykładowcę.
Przekroczenie nieobecności usprawiedliwionych i nieusprawiedliwionych na 50% zajęć może być podstawą do niezaliczenia przedmiotu.",Języki i kultury świata,"Obecność/aktywność, Test/egzamin"
Język ukraiński w prawie cywilnym i rodzinnym,3.0,w sali,"Po ukończeniu kursu student:
1.wiedza
- ma uporządkowaną i pogłębioną wiedzę dotyczącą terminologii prawnej i prawniczej języka ukraińskiego i języka polskiego (K2_W01);
- zna w pogłębionym stopniu zasady i techniki przekładu prawnego (K2_W05);
- posiada pogłębioną wiedzę o powiązaniu nauki języka ukraińskiego jako języka specjalistycznego z dziedziną prawa, a także dotyczącą podobieństw i różnic wynikających ze specyfiki systemu prawnego obowiązującego na Ukrainie i w Polsce (K2_W06).
2. umiejętności
- potrafi wyszukiwać, krytycznie analizować, interpretować twórczo i użytkować informacje dotyczące języka prawa ukraińskiego z wykorzystaniem właściwych źródeł (K2_ U01);
- potrafi stosować właściwe metody i narzędzia badawcze w zakresie prawnego i prawniczego języka ukraińskiego (K2_U03);
- potrafi komunikować się na tematy specjalistyczne z zakresu prawnego i prawniczego języka ukraińskiego ze zróżnicowanymi kręgami odbiorców ( K2_U07).
3. kompetencje społeczne
- student jest gotów do krytycznej oceny posiadanej wiedzy i odbieranych treści (K2_K01).",Języki i kultury świata,Inne
"Ukraina a Europa (historia,kultura, literatura) 3",3.0,w sali,"Egzamin pisemny.
Kryteria oceny przedstawione są w formie progów procentowych (przeliczenie punktów):
99-100% - 5 !(ocena bardzo dobra z wykrzyknikiem)
93- 98 % - 5 (ocena bardzo dobra)
87-92% - 4+ (ocena dobra plus)
77-86% - 4 (ocena dobra)
70-76% - 3+ (ocena dostateczna plus)
60-69% - 3 (ocena dostateczna)
Student ma prawo do 2 nieusprawiedliwionych nieobecności, każda następna wymaga złożenia
Usprawiedliwienia.","Historia i archeologia, Języki i kultury świata",Test/egzamin
"Kontakty polsko-włoskie na przestrzeni wieków (dyplomacja, kultura, literatura). Wybrane zagadnienia",6.0,zdalnie,"Ocena na podstawie obecności (wymagane 60%) oraz wyniku testu zaliczeniowego (zalicza 60% poprawnych odpowiedzi). Alternatywą jest krótka praca na wskazany temat i ustne jej omówienie wraz ze szczegółowym odniesieniem się do ujętej w pracy bibliografii.
Przyjęte zasady punktacji dla oceny bieżącej:
• ponad 90% – 5
• 85%-89% – 4+
• 80%-84% – 4
• 70%-79% – 3+
• 60%-69% – 3",Języki i kultury świata,Test/egzamin
"Literatura anglojęzycznego obszaru językowego, cz. 1",2.0,w sali,"Pisemny egzamin końcowy w formie pytań testowych oraz pytań otwartych.
% punktów z egzaminu a ocena:
0-59%=2 (ndst)
60%-68% = 3.0 (3)
69%-76% = 3.5 (3+)
77%-84% = 4.0 (4)
85%-92% = 4.5 (4+)
93%-98% = 5.0 (5)
99%-100% = 5.0! (5!)
Uzyskanie oceny niedostatecznej w sesji właściwej skutkuje wpisaniem oceny negatywnej do systemu USOS w pierwszym terminie i koniecznością poprawy w sesji poprawkowej. Egzamin poprawkowy odbywa się na tych samych zasadach i w tej samej formie co egzamin w sesji właściwej.
Student zobowiązany jest do uczęszczania na wszystkie zajęcia. Dopuszcza się dwie nieusprawiedliwione nieobecności na 30h zajęć kontaktowych kursu.",Języki i kultury świata,Test/egzamin
Kurs na Równość – przeciwdziałanie dyskryminacji na UW,2.0,zdalnie,"Zaliczenie całości interaktywnego kursu równa się ocenie bardzo dobrej.
Niższe oceny stanowią procentowy wymiar ukończenia kursu. Najniższa pozytywna ocena to 60% kursu.",Równość i prawa człowieka,Inne
Język niemiecki dla zaawansowanych (poziom B2/C1),3.0,zdalnie,"Na ocenę składają się oceny cząstkowe z testów i zadań on-line, prac pisemnych i ustnych na platformie Kampus UW. Podstawą zaliczenia przedmiotu jest uzyskanie min. 60% w zadaniach, pracach i testach cząstkowych.",Języki i kultury świata,Test/egzamin
Język niderlandzki od podstaw z kulturą Niderlandów w tle - online,3.0,zdalnie,Zaliczenie przedmiotu na podstawie frekwencji oraz pozytywnego wyniku testu końcowego.,Języki i kultury świata,Test/egzamin
Muzycy i muzyka popularna w krajach niemieckojęzycznych,3.0,zdalnie,"Referaty w języku polskim, aktywny udział Studentek i Studentów.",Muzyka i sztuka,Esej/praca pisemna
Język niemiecki dla obcokrajowców A1/5 (German in English A1/part 5),3.0,zdalnie,"Number of tests
• One final exam (oral) at the ultimate class.
• Students are expected to study at home and do the homework (grammar exercises, quizzes, listening comprehension and translation on Google Classroom).
• The final mark is the average mark based on all assignments and final exam.
• Only students who have worked the entire semester and scored at least 60% on their homework can take the final exam
• The final test is not a last resort for those who have not worked during the term and who have not worked during the term",Języki i kultury świata,Test/egzamin
Kultura kulinarna - o niemieckiej kuchni i jej związkach z regionem i lokalną tradycją,3.0,zdalnie,"(tylko po angielsku) Active attendance in class, reading of selected excerpts from the course literature and participation in the discussion, and preparation of your own 6-10 minute presentation (power point or presi) on a selected topic related to the seminar topic.",Języki i kultury świata,Inne
Tureccy gastarbeiterzy i ich potomkowie w Niemczech. Historia Literatura Kultura,3.0,zdalnie,"Ocenione zostaną: przygotowanie
do zajęć, zaangażowanie, zdobyta wiedza. Ocena na podstawie ustnego zaliczenia pod koniec zajęć, możliwa także w postaci prezentacji (w zależności od liczby uczestników i raczej przy tradycyjnej formie zajęć).
Preferowany termin: czwartki 16.45-18.15 on-line","Historia i archeologia, Języki i kultury świata",Inne
Historia i kultura Francji Ip,2.0,w sali,"Na ocenę końcową (zaliczenie semestru) składają się następujące elementy:
- obecność na zajęciach. Dopuszczalne są 4 nieobecności, bez względu na to, czy są usprawiedliwione czy nie. 
- aktywność na platformie e-learningowej - podczas semestru słuchacze będą wykonywali określoną liczbę zadań. Średnia z tych zadań będzie składową oceny końcowej kursu.
- wynik z dwóch testów w sali - pierwszym z nich będzie test połówkowy, obejmujący materiał z połowy zajęć, drugim będzie test semestralny, obejmujący swym zakresem wszystkie tematy zrealizowane od początku do końca semestru.
Ocena końcowa będzie wyliczona według następujących proporcji:
- wynik z zadań realizowanych na platformie - 40%
- wynik z testów w sali - 60%
Aby otrzymać zaliczenie w I terminie należy zebrać minimum 60% możliwych do uzyskania punktów.
UWAGA - aby otrzymać zaliczenie w II terminie, należy zebrać minimum 70% możliwych do uzyskania punktów.","Historia i archeologia, Języki i kultury świata","Obecność/aktywność, Test/egzamin"
Edukacja językowa w XXI wieku,2.0,w sali,"- opracowanie e-portfolio odnoszącego się do wybranego obszaru tematycznego poruszanego na zajęciach;
- bieżące monitorowanie obecności i aktywności;
- dyskusje w parach i grupach;
- krótkie formy pisemne w trakcie zajęć lub po zajęciach (wejściówki, response paper, podsumowania)
Kryteria oceniania zostaną ustalone w porozumieniu z uczestnikami na początku zajęć",Edukacja i dydaktyka,Projekt/zadanie
Historia i kultura Francji. Wykład w języku francuskim,3.0,mieszany: w sali i zdalniew sali,"Na ocenę końcową (zaliczenie semestru) składają się następujące elementy:
- obecność na zajęciach. Dopuszczalne są 4 nieobecności, bez względu na to, czy są usprawiedliwione czy nie. 
- aktywność na platformie e-learningowej - podczas semestru słuchacze będą wykonywali określoną liczbę zadań. Średnia z tych zadań będzie składową oceny końcowej kursu.
- wynik z dwóch testów w sali - pierwszym z nich będzie test połówkowy, obejmujący materiał z połowy zajęć, drugim będzie test semestralny, obejmujący swym zakresem wszystkie tematy zrealizowane od początku do końca semestru.
Ocena końcowa będzie wyliczona według następujących proporcji:
- wynik z zadań realizowanych na platformie - 40%
- wynik z testów w sali - 60%
Aby otrzymać zaliczenie w I terminie należy zebrać minimum 60% możliwych do uzyskania punktów.
UWAGA - aby otrzymać zaliczenie w II terminie, należy zebrać minimum 70% możliwych do uzyskania punktów.","Historia i archeologia, Języki i kultury świata","Obecność/aktywność, Test/egzamin"
Seminarium tematyczne : W poszukiwaniu (nowej?) tożsamości: quebecka literatura migracyjna,4.0,w sali,"Na ocenę końcową składają się Państwa obecności (tylko dwie nieobecności bez obowiązku zaliczania nieobecności na dyżurze), aktywność (kryteria podane podczas zajęć) (1/4 oceny), prezentacja (1/4 oceny) i test końcowy (1/2 oceny).",Języki i kultury świata,"Prezentacja/referat, Test/egzamin"
Język i kultura galisyjska A1,6.0,w sali,"Po każdej części studenci będą musieli napisać krótki test sprawdzający. Ponadto, będą oceniani za pracę na lekcji. Na koniec semetru będą musieli zdać test końcowy, który będzie się składał z części pisemnej i ustnej oraz będzie sprawdzał rozumienie ze słuchu i tekstu czytanego, pisanie i mówienie. 
Dozwolone są trzy nieobecności nieusprawiedliwione.",Języki i kultury świata,Test/egzamin
Język i kultura galisyjska B1,6.0,w sali,"Po każdej części studenci będą musieli napisać krótki test sprawdzający. Ponadto, będą oceniani za pracę na lekcji. Na koniec semetru będą musieli zdać test końcowy, który będzie się składał z części pisemnej i ustnej oraz będzie sprawdzał rozumienie ze słuchu i tekstu czytanego, pisanie i mówienie. 
Dozwolone są trzy nieobecności nieusprawiedliwione.",Języki i kultury świata,Test/egzamin
Język i kultura katalońska B1,4.0,w sali,"Studenci są oceniani w sposób ciągły na podstawie uczestnictwa i aktywności na zajęciach, realizacji zadań domowych oraz wyniku testów środsemestralnych. Warunkiem końcowego zaliczenia semestru jest zaliczenie wszystkich testów śródsemestralnych oraz testu końcowego.",Języki i kultury świata,Test/egzamin
Komunikacja multimodalna w interakcjach twarzą w twarz,3.0,zdalnie,"Kurs odbywa się on-line na platformie KAMPUS i składa się z 15 modułów. Co tydzień na platformie otwierany jest jeden moduł z artykułami naukowymi na dany temat i zadaniami do tego tematu, które trzeba wykonać w bieżącym tygodniu. Ostatni moduł stanowi podsumowanie kursu i zawiera przeglądowy quiz z 14 zrealizowanych tematów. Po zakończeniu kursu on-line odbywa się pisemne zaliczenie w sali, które polega na rozwiązaniu zadania nawiązującego do treści zadań z kursu. Ocena końcowa stanowi średnią dwóch ocen: oceny wystawianej na podstawie punktów za wykonanie zadań z 15 modułów na kursie i  oceny za wykonanie zadania zaliczeniowego w sali.",Media i komunikacja,Test/egzamin
Komunikacja w praktyce - rozpoznawanie problemów,3.0,zdalnie,"Na ocenę końcową składa się średnia z oceny za bieżącą pracę nad punktowanymi zadaniami kursowymi i z oceny za wykonanie pracy na zaliczenie w sali. Praca w sali obejmuje odpowiedź na kilka pytań otwartych, dotyczących zagadnień z całego kursu, a warunkiem dopuszczającym do jej wykonania  jest zaliczenie wszystkich zadań z kursu on-line.
Zaliczenie końcowe w sali odbywa się w pierwszym tygodniu sesji w budynku Wydziału Neofilologii przy Dobrej 55. 
Pełny regulamin kursu jest dostępny dla zarejestrowanych uczestników po zalogowaniu się na platformie COME i wejściu na stronę kursu.",Media i komunikacja,Inne
Komunikacja w praktyce - interpretacja i tworzenie tekstów użytkowych,3.0,zdalnie,"Na ocenę końcową składa się średnia z oceny za bieżącą pracę nad punktowanymi zadaniami kursowymi i z oceny za wykonanie pracy na zaliczenie w sali. Praca w sali polega na zredagowaniu lub przeredagowaniu jednego dłuższego tekstu lub kilku krótszych tekstów, reprezentujących gatunki omawiane na kursie, a warunkiem dopuszczającym do jej wykonania  jest zaliczenie wszystkich zadań z kursu on-line.
Zaliczenie końcowe w sali odbywa się w pierwszym tygodniu sesji w budynku Wydziału Neofilologii przy Dobrej 55. 
Pełny regulamin kursu jest dostępny dla zarejestrowanych uczestników po zalogowaniu się na platformie COME i wejściu na stronę kursu.",Media i komunikacja,Inne
Socjologia pracy,3.0,w sali,"Egzamin ustny. 
W ocenie będzie brana pod uwagę umiejętność interpretacji zagadnień z obszaru socjologii pracy na podstawie wybranych lektur i wykładu, oraz aktywność podczas wykładu.   
Szacunkowa, całkowita liczba godzin pracy studenta:  
30h - wykład z elementami konwersatorium, godziny kontaktowe 
50h  - praca własna studenta, zapoznanie się z lekturami, przygotowanie się do zajęć i egzaminu
Wybrane lektury do egzaminu (do ustalenia):
1. A. Giddens, Socjologia, PWN, Warszawa 2002, roz. 12: Nowoczesne organizacje, roz. 13, Praca i życie gospodarcze, s. 366-441.
2. U. Beck, Społeczeństwo ryzyka. W drodze do innej nowoczesności, Wydawnictwo Naukowe Scholar, Warszawa 2002,  roz. 6, Odstandaryzowanie pracy zarobkowej. Przyszłość wykształcenia i zatrudnienia, s. 206-231. 
3. W. Piotrowski, T. Olejniczak, Organizacja jako system, w: D. Latusek-Jurczak, T. Olejniczak, W. Piotrowski, Teoria organizacji, Poltext, Warszawa 2018, s. 100-128.
4. W. Piotrowski, Organizacja jako maszyna, w: D. Latusek-Jurczak, T. Olejniczak, W. Piotrowski, Teoria organizacji, Poltext, Warszawa 2018, s. 76-98.
5. G. Standing, Prekariat. Nowa niebezpieczna klasa, PWN, Warszawa 2014, roz. 1, s. 33-74. [dostęp: http://www.praktykateoretyczna.pl/prekariat/01_Prekariat_Rozdz.1.pdf].
6. E. Giermanowska, A. Mrozowicki, J. Róg-Ilnicka, Socjologia pracy w Polsce: Społeczno-gospodarcze i polityczne problemy instytucjonalizacji subdyscypliny, „Przegląd Socjologiczny” nr 3, 2019, s. 11-41. [dostęp: http://ojsltn.uni.lodz.pl/index.php/Przeglad-Socjologiczny/article/download/575/523]
7. D. Polkowska, Między światem realnym a wirtualnym: obietnice vs. rzeczywistość. Prekarna praca kierowcy Ubera? „Przegląd Socjologii Jakościowej” 2019,  t. 15, nr 4, s. 224–249.  Dostępny w Internecie: ‹www.przegladsocjologiijakosciowej.org›. 
8. K. Krzysztofek, Technologie cyfrowe w dyskursach o przyszłości pracy, „Studia Socjologiczne” 2015, nr. 4. 
http://yadda.icm.edu.pl/yadda/element/bwmeta1.element.desklight-a65c3604-a801-479f-a583-779497082f13
9. M. Kostera. P. Niemiec, Chcemy odzyskać sens pracy, 31.10.2020, https://magazynkontakt.pl/chcemy-odzyskac-sens-pracy/
10. R. Góralska, Praca emocjonalna dorosłych. Pomiędzy skutecznością a wypaleniem zawodowym pracownika, „Edukacja Dorosłych”, 2015, nr 1 (172), s. 91-102.",Socjologia i antropologia,Test/egzamin
Prawo i płeć,3.0,w sali,Studenci będą oceniani na podstawie eseju z zakresu tematyki zajęć oraz na podstawie obecności na zajęciach i przygotowanych prezentacji.,Prawo i polityka,Esej/praca pisemna
"Antropologia współczesności: teorie, metody, program badawczy",3.0,mieszany: w sali i zdalniew sali,"Zaliczenie wykładu odbywa się w trakcie egzaminu ustnego. Podczas egzaminu oceniane są: wiedza zawarta w materiale wykładowym i w lekturach obowiązkowych; umiejętność krytycznej analizy poznanych pojęć i teorii, umiejętność ich zastosowania do analizy zjawisk kultury współczesnej.","Socjologia i antropologia, Technologie i dane",Test/egzamin
Antropologia prawa i wielość kultur prawnych,3.0,w sali,"Ocena ciągła (obecność)
Praca pisemna na wybrany temat w oparciu o własne badania antropologiczno-kulturowe
Egzamin pisemny
30 godzin kontaktowych
20 godzin przygotowania do egzaminu
20 godzin przygotowania do zajęć: pisanie pracy opartej na badaniach własnych
10 godzin przygotowania do zajęć – czytanie i analiza lektur",Socjologia i antropologia,"Esej/praca pisemna, Obecność/aktywność, Test/egzamin"
Prawo o organizacjach pozarządowych,3.0,w sali,"Najważniejszą formą weryfikacji i oceniania osiągniętych przez studenta efektów uczenia się jest egzamin pisemny zawierający kilkanaście pytań otwartych. Student powinien wykazać się umiejętnościami przedstawionymi w rubryce „efekty uczenia się”. Oznacza to w szczególności znajomość szczegółowych zagadnień teoretycznych i praktycznych zasad funkcjonowania organizacji pozarządowych w Polsce oraz wybranych krajach europejskich, ich funkcji społecznych, problematyki współpracy z administracją publiczną, zasad wspierania organizacji pozarządowych ze środków publicznych i pozyskiwania funduszy z innych źródeł (fundraising), zasad funkcjonowania i skali zjawiska wolontariatu w Polsce, mechanizmu alokacji 1% oraz problematyki prowadzenia konsultacji społecznych.",Prawo i polityka,Test/egzamin
Zarządzanie projektami,2.0,w sali,"Forma zaliczenia: Warunkiem zaliczenia jest wypełnienie zobowiązań związanych z aktywnym udziałem w zajęciach, a obejmujących obecności na cotygodniowych spotkaniach oraz przygotowanie i prezentacja założeń własnego projektu (praca grupowa w zespołach)",Ekonomia i zarządzanie,"Prezentacja/referat, Projekt/zadanie"
Zarządzanie różnymi grupami pracowników,2.0,w sali,"ocena ciągła związana z obecnością na zajęciach (dozwolone są max. 2 nieobecności) i przygotowaniem do zajęć. Kolokwium na ocenę. Konieczność przygotowane scenariusza szkolenia przeznaczonego dla organizacji (praca zespołowa).
50% oceny końcowej= wynik kolokwium
50% oceny końcowej = ocena z prezentacji zespołowej",Ekonomia i zarządzanie,Inne
Socjologia przestępczości: spory wokół polityki karania,3.0,w sali,"Egzamin (test)
Liczba nieobecności podlegających usprawiedliwieniu: 4
Zasady zaliczenia poprawkowego: egzamin ustny
Do godzin przeznaczonych na zajęcia w sali (30h) należy doliczyć czas konieczny do przygotowania się do zajęć (czytanie lektur) – 2h tygodniowo oraz czas konieczny do przygotowania się do finalnego zaliczenia (egzaminu) – 15h",Socjologia i antropologia,Test/egzamin
"Antropologia. Historia, teoria i praktyka badawcza",3.0,w sali,"Egzamin ustny
Wymagania egzaminacyjne – znajomość treść wykładów oraz wybranych zagadnień  z następujących lektur:· 
Barth F., Gingrich A., Parkin R., Silverman S., Antropologia. Jedna dyscyplina, cztery tradycje: brytyjska, niemiecka, francuska i amerykańska, Wyd. UJ, Kraków 2007.· 
Bernard A., Antropologia. Zarys teorii i historii, PIW, Warszawa 2006.· 
Kuper A., Między charyzmą a rutyną. Szkice z brytyjskiej antropologii społecznej 1982 –1982, Wyd. Łódzkie, Łódź 1986
Nowicka E., Świat człowieka - świat kultury, Wydanie nowe, Wydawnictwo PWN, Warszawa 2006.
Deliege R., Historia Antropologii, Oficyna Naukowa, Warszawa 2011.","Historia i archeologia, Socjologia i antropologia",Test/egzamin
Socjologia dewiacji,3.0,w sali,Pisemnie - test,Socjologia i antropologia,Test/egzamin
Socjologia ekonomiczna,3.0,w sali,"Zaliczenie zajęć odbywa się w formie egzaminu pisemnego (test z pytaniami zamkniętymi i otwartymi). Zaliczenie poprawkowe na takich samych warunkach, jak w pierwszym terminie. Dopuszczalne trzy nieobecności w ciągu semestru.",Socjologia i antropologia,Test/egzamin
Socjologia migracji,3.0,w sali,"Egzamin pisemny
Dopuszczalna liczba nieobecności podlegających usprawiedliwieniu: 4
Zasady zaliczania poprawkowego: takie same jak w pierwszym terminie
Korzystanie z narzędzi generatywnej sztucznej inteligencji, takich jak ChatGPT, jest dozwolone w przypadku wybranych zadań kursowych/zaliczeniowych. Domyślnie korzystanie z takich narzędzi jest zabronione, chyba że wyraźnie zaznaczono inaczej. Każde użycie musi zostać odpowiednio opisane i/lub zacytowane. Studenci/tki ponoszą odpowiedzialność za wszystkie treści wygenerowane z użyciem narzędzi AI.",Socjologia i antropologia,Test/egzamin
Socjologia kampanii wyborczej,3.0,w sali,egzamin pisemny Dopuszczalna liczba nieobecności podlegających usprawiedliwieniu: 2 Zasady zaliczania poprawkowego: egzamin ustny w sesji jesiennej,Socjologia i antropologia,Test/egzamin
Socjologia interakcji społecznych,3.0,w sali,"Egzamin pisemny: udzielenie krótkiej (ok. 100 słów) odpowiedzi na trzy pytania problemowe
Dopuszczalna liczba nieobecności podlegających usprawiedliwieniu: 2
Zasady zaliczania poprawkowego: Egzamin ustny: udzielenie krótkiej ustnej odpowiedzi na trzy pytania problemowe
do godzin przeznaczonych na zajęcia w sali (30h) należy doliczyć czas konieczny do przygotowania się do zajęć (czytanie lektur) – 2h tygodniowo oraz czas konieczny do przygotowania się do finalnego zaliczenia (egzaminu/ napisania eseju) – 10h",Socjologia i antropologia,"Esej/praca pisemna, Test/egzamin"
Socjologia kulturowa,3.0,w sali,"Wysłuchanie wykładów, znajomość lektur, egzamin pisemny
Dopuszczalna liczba nieobecności podlegających usprawiedliwieniu - 2 
Zasady zaliczania poprawkowego, takie same jak w pierwszym terminie: egzamin pisemny
Do godzin przeznaczonych na zajęcia w sali (30h) należy doliczyć czas konieczny do przygotowania się do zajęć (czytanie lektur) – 2h tygodniowo oraz czas konieczny do przygotowania się do finalnego zaliczenia (egzaminu/ napisania eseju) – 10h",Socjologia i antropologia,"Esej/praca pisemna, Test/egzamin"
Socjologia lokalności,3.0,w sali,Egzamin pisemny i obecność na wykładach.,Socjologia i antropologia,"Obecność/aktywność, Test/egzamin"
Religia starożytnego Egiptu,2.0,w sali,"Warunki zaliczenia:
- obecność,
- test wielokrotnego wyboru na koniec semestru",Filozofia i religia,"Obecność/aktywność, Test/egzamin"
"Historia Azji Środkowej i Mongolii (cz. 2, XX i XXI w.)",3.0,w sali,EGZAMIN PISMENY,Historia i archeologia,Test/egzamin
Państwo Izrael-instytucje i polityka,2.0,w sali,"Zaliczenie na ocenę na podstawie:
* kontroli obecności,
* aktywnego uczestnictwa w zajęciach,
* pisemnego egzaminu końcowego (test + pytanie otwarte).
Frekwencja: 
Zgodnie z zarządzeniem KJD WO UW z dnia 31.07.2021:
- ""dopuszczalna liczba nieobecności nieusprawiedliwionych na zajęciach wynosi 15%""
- ""łączna liczba nieobecności usprawiedliwionych i nieusprawiedliwionych umożliwiająca podejścia do egzaminu wynosi 30%""
- ""Student winien usprawiedliwić nieobecność na zajęciach niezwłocznie i nie później niż w terminie 7 dni od ustania jej przyczyny. W szczególnie uzasadnionych przypadkach wykładowca może usprawiedliwić nieobecność po tym terminie.""",Prawo i polityka,"Obecność/aktywność, Test/egzamin"
Kultura biznesu w Azji i Afryce,2.0,w sali,"Obecność na zajęciach
Test jednokrotnego wyboru (pisemny).",Języki i kultury świata,"Obecność/aktywność, Test/egzamin"
Kurs na Równość - przeciwdziałanie dyskryminacji na UW,2.0,zdalnie,"Zaliczenie całości interaktywnego kursu równa się ocenie bardzo dobrej.
Niższe oceny stanowią procentowy wymiar ukończenia kursu. Najniższa pozytywna ocena to 60% kursu.",Równość i prawa człowieka,Inne
Historia Azji Środkowej i Mongolii (cz.1) (Z),2.0,mieszany: w sali i zdalniew sali,"OBECNOŚĆ NA ZAJĘCIACH, EGZAMIN PISEMNY / USTNY
EGZAMIN PISEMNY / USTNY",Historia i archeologia,"Obecność/aktywność, Test/egzamin"
Historia Tybetu,3.0,mieszany: w sali i zdalniew sali,"OBECNOŚC NA ZAĘCIACH, EGZAMIN PISEMNY",Historia i archeologia,Test/egzamin
Nie tylko Pamuk: literatura turecka po polsku,3.0,mieszany: w sali i zdalniew salizdalnie,"Ocena ciągła (50%) - przygotowanie do zajęć i aktywność podczas nich (student przygotowuje się do spotkania poprzez lekturę dostarczonego przez prowadzącego tekstu - opowiadania lub fragmentu powieści, aby móc efektywnie uczestniczyć w zajęciach, zadawać pytania, brać udział w dyskusji). 
Zaliczenie ustne (50%) - maks. 15 minutowe wystąpienie na temat wybranej powieści tureckiej przełożonej na j. polski przeczytanej w całości, odpowiedź na ew. pytania dotyczące utworu, autora, kontekstu historycznego i kulturowego.
Dozwolone są dwie nieusprawiedliwione nieobecności w semestrze. Nieobecność, usprawiedliwiona bądź nie, na więcej niż 50% zajęć skutkuje niedopuszczeniem do egzaminu.",Języki i kultury świata,"Obecność/aktywność, Prezentacja/referat, Test/egzamin"
Historia Turcji II,3.0,mieszany: w sali i zdalniew sali,"Student powinien zapoznać się ze źródłami historycznymi i literaturą szczegółową (co najmniej 6 pozycji) wybranymi przez siebie z listy dostarczonej przez wykładowcę. Zakres końcowego egzaminu obejmować będzie oprócz faktografii z wykładu i podręczników również treść tych lektur.
Egzamin ustny",Historia i archeologia,Test/egzamin
Kultura Azerbejdżanu,3.0,w sali,Egzamin ustny: obejmujący materiał omówiony podczas wykładów,Języki i kultury świata,Test/egzamin
Antropologia etniczności i nacjonalizmu1,3.0,w sali,"-             egzamin pisemny.
-             kontrola obecności.",Socjologia i antropologia,Test/egzamin
Horrory Europy Wschodniej: kultura grozy krajów poradzieckiech,3.0,zdalnie,"Forma zaliczenia
Kryteria oceniania - obecność na zajęciach (dopuszczane są 2 nieusprawiedliwione nieobecności)
- aktywność na zajęciach
- zapoznanie się z materiałami źródłowymi (przede wszystkim wybrane filmy gatunkowe, teksty literackie i analityczne)
- egzamin",Języki i kultury świata,"Obecność/aktywność, Test/egzamin"
Historia praktyczna. Nauki historyczne w przestrzeni publicznej,3.0,zdalnie,"– obecność na zajęciach
– praca pisemna /esej/ lub prezentacja na zakończenie kursu",Historia i archeologia,"Esej/praca pisemna, Obecność/aktywność, Prezentacja/referat"
Kuszenie wolnością: historia i władza w obiektywie kina sowieckiego,3.0,w salizdalnie,"Ocena z zajęć odbywa się na podstawie osiągnięć studenta podczas zajęć wspólnych oraz pracy pisemnej, poświęconej wybranemu zagadnieniu z zakresu omawianej problematyki.",Historia i archeologia,Inne
"Polityka historyczna państw postsowieckich (Rosja, Ukraina, Białoruś)",3.0,w salizdalnie,"Kurs obejmuje cotygodniowe zajęcia w wymiarze 2 godz. wykładu. W ramach zajęć :
 -Na wykładach prezentowany jest materiał dokumentujący (fotografie, prezentacje i video ) i ilustrujący omawiane zagadnienia.
- Część wykładów realizowana jest na zasadzie dyskusji nad zadaną literaturą .
-  ocenianie ciągłe w trakcie zajęć, w tym weryfikacja znajomości  pozycji z listy  lektur
 -  praca pisemna /esej/ lub prezentacja na zakończenie kursu
- obecność na zajęciach",Prawo i polityka,"Esej/praca pisemna, Obecność/aktywność, Prezentacja/referat"
"Współczesna Gruzja. Życie codzienne, społeczeństwo, kultura, polityka",2.0,zdalnie,"- obecność na zajęciach
- praca zaliczeniowa (esej)","Języki i kultury świata, Prawo i polityka","Esej/praca pisemna, Obecność/aktywność"
Kurs na Równość - przeciwdziałanie dyskryminacji na UW,2.0,zdalnie,"Zaliczenie całości interaktywnego kursu równa się ocenie bardzo dobrej.
Niższe oceny stanowią procentowy wymiar ukończenia kursu. Najniższa pozytywna ocena to 60% kursu.",Równość i prawa człowieka,Inne
Historia integracji europejskiej: od zarania do współczesności,4.0,zdalnie,"Sposób zaliczenia: aktywne uczestnictwo (50%) oraz końcowy egzamin-test (50%). Aktywne uczestnictwo oznacza obecność (10%), wygłoszenie referatu na jeden lub dwa tematy (max. 30%), zabieranie głosu w dyskusji (max. 10%). Zaliczenie to minimum 60%.",Historia i archeologia,"Esej/praca pisemna, Obecność/aktywność, Test/egzamin"
Taniec i śpiew - folklor różnych regionów Polski,4.0,w sali,"Kontrola obecności
30h udziału w ćwiczeniach, 30h pracy bieżącej, 30h przygotowania do zaliczenia. Zaliczenie podczas którego sprawdzana będzie podstawowa znajomość kroków i figur polskich tańców narodowych na podstawie prezentacji przygotowanych tematów tanecznych i ogólnej wiedzy o polskich tańcach narodowych.",Muzyka i sztuka,Inne
Brydż Sportowy - grupa średnio-zaawansowana-kurs intensywny,6.0,w sali,"Obecność na zajęciach, ocena ciagła i test końcowy","Sport, gry i rekreacja","Obecność/aktywność, Test/egzamin"
Szachy – grupa początkująca – kurs intensywny,6.0,zdalnie,"Obecność
Prace domowe (przynajmniej 80%)
Zaliczenie w formie testu
50% = 3, 70%=4 , 90%=5
Dopuszczalna liczba nieobecności:2","Sport, gry i rekreacja","Obecność/aktywność, Test/egzamin"
Szachy – grupa średnio-zaawansowana – kurs intensywny,6.0,zdalnie,"Obecność
Obecność
Prace domowe 
Zaliczenie w formie testu
50% = 3, 70%=4 , 90%=5
Dopuszczalna liczba nieobecności: 2","Sport, gry i rekreacja","Obecność/aktywność, Test/egzamin"
